name,brand,category,cover_image,catalog_images,notes,is_active,id,created_date,updated_date,created_by_id,created_by,is_sample
"All-Star Jersey Collection","Nike","Basketball Jersey","https://images.unsplash.com/photo-1574629810360-7efbbe195018?w=400","[""https://images.unsplash.com/photo-1574629810360-7efbbe195018?w=400"",""https://images.unsplash.com/photo-1546519638-68e109498ffc?w=400"",""https://images.unsplash.com/photo-1519861531473-9200262188bf?w=400"",""https://images.unsplash.com/photo-1577471488278-16eec37ffcc2?w=400"",""https://images.unsplash.com/photo-1504450758481-7338bbe75c8e?w=400""]","Contact for wholesale pricing","true","692bfa662bc81a90b7782e7b","2025-11-30T08:03:50.716000","2025-11-30T08:03:50.716000","692bf3c8349da3ff615290e4","seavleuheang@gmail.com","false"
"Dri-FIT Training Set","Nike","Men Sportswear","https://images.unsplash.com/photo-1556906781-9a412961c28c?w=400","[""https://images.unsplash.com/photo-1556906781-9a412961c28c?w=400"",""https://images.unsplash.com/photo-1571902943202-507ec2618e8f?w=400"",""https://images.unsplash.com/photo-1517836357463-d25dfeac3438?w=400""]","","true","692bfa662bc81a90b7782e7c","2025-11-30T08:03:50.716000","2025-11-30T08:03:50.716000","692bf3c8349da3ff615290e4","seavleuheang@gmail.com","false"
"Ultraboost Running Collection","Adidas","Men Sportswear","https://images.unsplash.com/photo-1544367567-0f2fcb009e0b?w=400","[""https://images.unsplash.com/photo-1544367567-0f2fcb009e0b?w=400"",""https://images.unsplash.com/photo-1571019614242-c5c5dee9f50b?w=400""]","","true","692bfa662bc81a90b7782e7d","2025-11-30T08:03:50.716000","2025-11-30T08:03:50.716000","692bf3c8349da3ff615290e4","seavleuheang@gmail.com","false"
"Borealis Backpack","The North Face","Backpacks","https://images.unsplash.com/photo-1553062407-98eeb64c6a62?w=400","[""https://images.unsplash.com/photo-1553062407-98eeb64c6a62?w=400"",""https://images.unsplash.com/photo-1581605405669-fcdf81165afa?w=400"",""https://images.unsplash.com/photo-1622560480605-d83c853bc5c3?w=400"",""https://images.unsplash.com/photo-1491637639811-60e2756cc1c7?w=400""]","MOQ 50 pieces","true","692bfa662bc81a90b7782e7e","2025-11-30T08:03:50.716000","2025-11-30T08:03:50.716000","692bf3c8349da3ff615290e4","seavleuheang@gmail.com","false"
"Align Yoga Collection","Lululemon","Women Sportswear","https://images.unsplash.com/photo-1518611012118-696072aa579a?w=400","[""https://images.unsplash.com/photo-1518611012118-696072aa579a?w=400"",""https://images.unsplash.com/photo-1506629082955-511b1aa562c8?w=400""]","","true","692bfa662bc81a90b7782e7f","2025-11-30T08:03:50.716000","2025-11-30T08:03:50.716000","692bf3c8349da3ff615290e4","seavleuheang@gmail.com","false"
"test","Adidas","Women Sportswear","https://base44.app/api/apps/692bf3c8349da3ff615290e3/files/public/692bf3c8349da3ff615290e3/e43658ca2_deg04.png","[""https://base44.app/api/apps/692bf3c8349da3ff615290e3/files/public/692bf3c8349da3ff615290e3/677d9aae2_deg05.png"",""https://base44.app/api/apps/692bf3c8349da3ff615290e3/files/public/692bf3c8349da3ff615290e3/22d7829e8_deg03.png""]","","true","692bfc459d1de429a3292480","2025-11-30T08:11:49.950000","2025-11-30T09:07:08.702000","692bf3c8349da3ff615290e4","seavleuheang@gmail.com","false"
"Pro Combat Compression Shirt","Nike","Men Sportswear","https://images.unsplash.com/photo-1571902943202-507ec2618e8f?w=400","[""https://images.unsplash.com/photo-1571902943202-507ec2618e8f?w=400""]","","true","692c0b9d848fbf19eeb122cb","2025-11-30T09:17:17.817000","2025-11-30T09:17:17.817000","692bf3c8349da3ff615290e4","seavleuheang@gmail.com","false"
"Aeroready Training Top","Adidas","Men Sportswear","https://images.unsplash.com/photo-1517836357463-d25dfeac3438?w=400","[""https://images.unsplash.com/photo-1517836357463-d25dfeac3438?w=400""]","","true","692c0b9d848fbf19eeb122cc","2025-11-30T09:17:17.817000","2025-11-30T09:17:17.817000","692bf3c8349da3ff615290e4","seavleuheang@gmail.com","false"
"HeatGear Armour Leggings","Under Armour","Women Sportswear","https://images.unsplash.com/photo-1506629082955-511b1aa562c8?w=400","[""https://images.unsplash.com/photo-1506629082955-511b1aa562c8?w=400""]","","true","692c0b9d848fbf19eeb122cd","2025-11-30T09:17:17.817000","2025-11-30T09:17:17.817000","692bf3c8349da3ff615290e4","seavleuheang@gmail.com","false"
"Wunder Train High-Rise","Lululemon","Women Sportswear","https://images.unsplash.com/photo-1518611012118-696072aa579a?w=400","[""https://images.unsplash.com/photo-1518611012118-696072aa579a?w=400""]","","true","692c0b9d848fbf19eeb122ce","2025-11-30T09:17:17.817000","2025-11-30T09:17:17.817000","692bf3c8349da3ff615290e4","seavleuheang@gmail.com","false"
"Thermoball Eco Jacket","The North Face","Men Sportswear","https://images.unsplash.com/photo-1544367567-0f2fcb009e0b?w=400","[""https://images.unsplash.com/photo-1544367567-0f2fcb009e0b?w=400""]","","true","692c0b9d848fbf19eeb122cf","2025-11-30T09:17:17.817000","2025-11-30T09:17:17.817000","692bf3c8349da3ff615290e4","seavleuheang@gmail.com","false"
"Better Sweater Fleece","Patagonia","Men Sportswear","https://images.unsplash.com/photo-1556906781-9a412961c28c?w=400","[""https://images.unsplash.com/photo-1556906781-9a412961c28c?w=400""]","","true","692c0b9d848fbf19eeb122d0","2025-11-30T09:17:17.817000","2025-11-30T09:17:17.817000","692bf3c8349da3ff615290e4","seavleuheang@gmail.com","false"
"Classic Kanken Mini","Kanken","Backpacks","https://images.unsplash.com/photo-1553062407-98eeb64c6a62?w=400","[""https://images.unsplash.com/photo-1553062407-98eeb64c6a62?w=400""]","","true","692c0b9d848fbf19eeb122d1","2025-11-30T09:17:17.817000","2025-11-30T09:17:17.817000","692bf3c8349da3ff615290e4","seavleuheang@gmail.com","false"
"Lakers Home Jersey","Nike","Basketball Jersey","https://images.unsplash.com/photo-1574629810360-7efbbe195018?w=400","[""https://images.unsplash.com/photo-1574629810360-7efbbe195018?w=400""]","","true","692c0b9d848fbf19eeb122d2","2025-11-30T09:17:17.817000","2025-11-30T09:17:17.817000","692bf3c8349da3ff615290e4","seavleuheang@gmail.com","false"
"Real Madrid Away Kit","Adidas","Football Jersey","https://images.unsplash.com/photo-1577471488278-16eec37ffcc2?w=400","[""https://images.unsplash.com/photo-1577471488278-16eec37ffcc2?w=400""]","","true","692c0b9d848fbf19eeb122d3","2025-11-30T09:17:17.817000","2025-11-30T09:17:17.817000","692bf3c8349da3ff615290e4","seavleuheang@gmail.com","false"
"Barcelona Home Jersey","Nike","Football Jersey","https://images.unsplash.com/photo-1574629810360-7efbbe195018?w=400","[""https://images.unsplash.com/photo-1574629810360-7efbbe195018?w=400""]","","true","692c0b9d848fbf19eeb122d4","2025-11-30T09:17:17.817000","2025-11-30T09:17:17.817000","692bf3c8349da3ff615290e4","seavleuheang@gmail.com","false"
"Gym Duffle Bag","Nike","Bags","https://images.unsplash.com/photo-1553062407-98eeb64c6a62?w=400","[""https://images.unsplash.com/photo-1553062407-98eeb64c6a62?w=400""]","","true","692c0b9d848fbf19eeb122d5","2025-11-30T09:17:17.817000","2025-11-30T09:17:17.817000","692bf3c8349da3ff615290e4","seavleuheang@gmail.com","false"
"Team Training Backpack","Adidas","Backpacks","https://images.unsplash.com/photo-1581605405669-fcdf81165afa?w=400","[""https://images.unsplash.com/photo-1581605405669-fcdf81165afa?w=400""]","","true","692c0b9d848fbf19eeb122d6","2025-11-30T09:17:17.817000","2025-11-30T09:17:17.817000","692bf3c8349da3ff615290e4","seavleuheang@gmail.com","false"
"Storm Undeniable Bag","Under Armour","Bags","https://images.unsplash.com/photo-1622560480605-d83c853bc5c3?w=400","[""https://images.unsplash.com/photo-1622560480605-d83c853bc5c3?w=400""]","","true","692c0b9d848fbf19eeb122d7","2025-11-30T09:17:17.817000","2025-11-30T09:17:17.817000","692bf3c8349da3ff615290e4","seavleuheang@gmail.com","false"
"Everywhere Belt Bag","Lululemon","Bags","https://images.unsplash.com/photo-1491637639811-60e2756cc1c7?w=400","[""https://images.unsplash.com/photo-1491637639811-60e2756cc1c7?w=400""]","","true","692c0b9d848fbf19eeb122d8","2025-11-30T09:17:17.817000","2025-11-30T09:17:17.817000","692bf3c8349da3ff615290e4","seavleuheang@gmail.com","false"
"Base Camp Duffel","The North Face","Bags","https://images.unsplash.com/photo-1553062407-98eeb64c6a62?w=400","[""https://images.unsplash.com/photo-1553062407-98eeb64c6a62?w=400""]","","true","692c0b9d848fbf19eeb122d9","2025-11-30T09:17:17.818000","2025-11-30T09:17:17.818000","692bf3c8349da3ff615290e4","seavleuheang@gmail.com","false"
"Black Hole Duffel 55L","Patagonia","Bags","https://images.unsplash.com/photo-1581605405669-fcdf81165afa?w=400","[""https://images.unsplash.com/photo-1581605405669-fcdf81165afa?w=400""]","","true","692c0b9d848fbf19eeb122da","2025-11-30T09:17:17.818000","2025-11-30T09:17:17.818000","692bf3c8349da3ff615290e4","seavleuheang@gmail.com","false"
"Kanken Laptop 15","Kanken","Backpacks","https://images.unsplash.com/photo-1622560480605-d83c853bc5c3?w=400","[""https://images.unsplash.com/photo-1622560480605-d83c853bc5c3?w=400""]","","true","692c0b9d848fbf19eeb122db","2025-11-30T09:17:17.818000","2025-11-30T09:17:17.818000","692bf3c8349da3ff615290e4","seavleuheang@gmail.com","false"
"Warriors City Edition","Nike","Basketball Jersey","https://images.unsplash.com/photo-1546519638-68e109498ffc?w=400","[""https://images.unsplash.com/photo-1546519638-68e109498ffc?w=400""]","","true","692c0b9d848fbf19eeb122dc","2025-11-30T09:17:17.818000","2025-11-30T09:17:17.818000","692bf3c8349da3ff615290e4","seavleuheang@gmail.com","false"
"Manchester United Home","Adidas","Football Jersey","https://images.unsplash.com/photo-1577471488278-16eec37ffcc2?w=400","[""https://images.unsplash.com/photo-1577471488278-16eec37ffcc2?w=400""]","","true","692c0b9d848fbf19eeb122dd","2025-11-30T09:17:17.818000","2025-11-30T09:17:17.818000","692bf3c8349da3ff615290e4","seavleuheang@gmail.com","false"
"Chelsea Away Jersey","Nike","Football Jersey","https://images.unsplash.com/photo-1574629810360-7efbbe195018?w=400","[""https://images.unsplash.com/photo-1574629810360-7efbbe195018?w=400""]","","true","692c0b9d848fbf19eeb122de","2025-11-30T09:17:17.818000","2025-11-30T09:17:17.818000","692bf3c8349da3ff615290e4","seavleuheang@gmail.com","false"
"Tech Fleece Hoodie","Nike","Men Sportswear","https://images.unsplash.com/photo-1556906781-9a412961c28c?w=400","[""https://images.unsplash.com/photo-1556906781-9a412961c28c?w=400""]","","true","692c0b9d848fbf19eeb122df","2025-11-30T09:17:17.818000","2025-11-30T09:17:17.818000","692bf3c8349da3ff615290e4","seavleuheang@gmail.com","false"
"Essentials 3-Stripes Pants","Adidas","Men Sportswear","https://images.unsplash.com/photo-1571902943202-507ec2618e8f?w=400","[""https://images.unsplash.com/photo-1571902943202-507ec2618e8f?w=400""]","","true","692c0b9d848fbf19eeb122e0","2025-11-30T09:17:17.818000","2025-11-30T09:17:17.818000","692bf3c8349da3ff615290e4","seavleuheang@gmail.com","false"
"ColdGear Base Layer","Under Armour","Men Sportswear","https://images.unsplash.com/photo-1517836357463-d25dfeac3438?w=400","[""https://images.unsplash.com/photo-1517836357463-d25dfeac3438?w=400""]","","true","692c0b9d848fbf19eeb122e1","2025-11-30T09:17:17.818000","2025-11-30T09:17:17.818000","692bf3c8349da3ff615290e4","seavleuheang@gmail.com","false"
"Metal Vent Tech Shirt","Lululemon","Men Sportswear","https://images.unsplash.com/photo-1544367567-0f2fcb009e0b?w=400","[""https://images.unsplash.com/photo-1544367567-0f2fcb009e0b?w=400""]","","true","692c0b9d848fbf19eeb122e2","2025-11-30T09:17:17.819000","2025-11-30T09:17:17.819000","692bf3c8349da3ff615290e4","seavleuheang@gmail.com","false"
"Venture 2 Jacket","The North Face","Men Sportswear","https://images.unsplash.com/photo-1556906781-9a412961c28c?w=400","[""https://images.unsplash.com/photo-1556906781-9a412961c28c?w=400""]","","true","692c0b9d848fbf19eeb122e3","2025-11-30T09:17:17.819000","2025-11-30T09:17:17.819000","692bf3c8349da3ff615290e4","seavleuheang@gmail.com","false"
"Nano Puff Jacket","Patagonia","Women Sportswear","https://images.unsplash.com/photo-1518611012118-696072aa579a?w=400","[""https://images.unsplash.com/photo-1518611012118-696072aa579a?w=400""]","","true","692c0b9d848fbf19eeb122e4","2025-11-30T09:17:17.819000","2025-11-30T09:17:17.819000","692bf3c8349da3ff615290e4","seavleuheang@gmail.com","false"
"One Luxe Leggings","Nike","Women Sportswear","https://images.unsplash.com/photo-1506629082955-511b1aa562c8?w=400","[""https://images.unsplash.com/photo-1506629082955-511b1aa562c8?w=400""]","","true","692c0b9d848fbf19eeb122e5","2025-11-30T09:17:17.819000","2025-11-30T09:17:17.819000","692bf3c8349da3ff615290e4","seavleuheang@gmail.com","false"
"Believe This Tights","Adidas","Women Sportswear","https://images.unsplash.com/photo-1518611012118-696072aa579a?w=400","[""https://images.unsplash.com/photo-1518611012118-696072aa579a?w=400""]","","true","692c0b9d848fbf19eeb122e6","2025-11-30T09:17:17.819000","2025-11-30T09:17:17.819000","692bf3c8349da3ff615290e4","seavleuheang@gmail.com","false"
"Fly-By Shorts","Under Armour","Women Sportswear","https://images.unsplash.com/photo-1506629082955-511b1aa562c8?w=400","[""https://images.unsplash.com/photo-1506629082955-511b1aa562c8?w=400""]","","true","692c0b9d848fbf19eeb122e7","2025-11-30T09:17:17.819000","2025-12-03T08:24:46.912000","692bf3c8349da3ff615290e4","seavleuheang@gmail.com","false"
"Fast and Free Tight","Lululemon","Women Sportswear","https://images.unsplash.com/photo-1518611012118-696072aa579a?w=400","[""https://images.unsplash.com/photo-1518611012118-696072aa579a?w=400""]","","true","692c0b9d848fbf19eeb122e8","2025-11-30T09:17:17.819000","2025-11-30T09:17:17.819000","692bf3c8349da3ff615290e4","seavleuheang@gmail.com","false"
"Osito Fleece Jacket","The North Face","Women Sportswear","https://images.unsplash.com/photo-1506629082955-511b1aa562c8?w=400","[""https://images.unsplash.com/photo-1506629082955-511b1aa562c8?w=400""]","","true","692c0b9d848fbf19eeb122e9","2025-11-30T09:17:17.819000","2025-11-30T09:17:17.819000","692bf3c8349da3ff615290e4","seavleuheang@gmail.com","false"
"Celtics Statement Jersey","Nike","Basketball Jersey","https://images.unsplash.com/photo-1519861531473-9200262188bf?w=400","[""https://images.unsplash.com/photo-1519861531473-9200262188bf?w=400""]","","true","692c0b9d848fbf19eeb122ea","2025-11-30T09:17:17.819000","2025-11-30T09:17:17.819000","692bf3c8349da3ff615290e4","seavleuheang@gmail.com","false"
"Bulls Icon Edition","Nike","Basketball Jersey","https://images.unsplash.com/photo-1504450758481-7338bbe75c8e?w=400","[""https://images.unsplash.com/photo-1504450758481-7338bbe75c8e?w=400""]","","true","692c0b9d848fbf19eeb122eb","2025-11-30T09:17:17.819000","2025-11-30T09:17:17.819000","692bf3c8349da3ff615290e4","seavleuheang@gmail.com","false"
"Heat Vice City Jersey","Nike","Basketball Jersey","https://images.unsplash.com/photo-1574629810360-7efbbe195018?w=400","[""https://images.unsplash.com/photo-1574629810360-7efbbe195018?w=400""]","","true","692c0b9d848fbf19eeb122ec","2025-11-30T09:17:17.819000","2025-11-30T09:17:17.819000","692bf3c8349da3ff615290e4","seavleuheang@gmail.com","false"
"Bayern Munich Home","Adidas","Football Jersey","https://images.unsplash.com/photo-1577471488278-16eec37ffcc2?w=400","[""https://images.unsplash.com/photo-1577471488278-16eec37ffcc2?w=400""]","","true","692c0b9d848fbf19eeb122ed","2025-11-30T09:17:17.819000","2025-11-30T09:17:17.819000","692bf3c8349da3ff615290e4","seavleuheang@gmail.com","false"
"Juventus Third Kit","Adidas","Football Jersey","https://images.unsplash.com/photo-1574629810360-7efbbe195018?w=400","[""https://images.unsplash.com/photo-1574629810360-7efbbe195018?w=400""]","","true","692c0b9d848fbf19eeb122ee","2025-11-30T09:17:17.819000","2025-11-30T09:17:17.819000","692bf3c8349da3ff615290e4","seavleuheang@gmail.com","false"
"PSG Home Jersey","Nike","Football Jersey","https://images.unsplash.com/photo-1577471488278-16eec37ffcc2?w=400","[""https://images.unsplash.com/photo-1577471488278-16eec37ffcc2?w=400""]","","true","692c0b9d848fbf19eeb122ef","2025-11-30T09:17:17.819000","2025-11-30T09:17:17.819000","692bf3c8349da3ff615290e4","seavleuheang@gmail.com","false"
"Liverpool Home Kit","Nike","Football Jersey","https://images.unsplash.com/photo-1574629810360-7efbbe195018?w=400","[""https://images.unsplash.com/photo-1574629810360-7efbbe195018?w=400""]","","true","692c0b9d848fbf19eeb122f0","2025-11-30T09:17:17.819000","2025-11-30T09:17:17.819000","692bf3c8349da3ff615290e4","seavleuheang@gmail.com","false"
"Arsenal Away Jersey","Adidas","Football Jersey","https://images.unsplash.com/photo-1577471488278-16eec37ffcc2?w=400","[""https://images.unsplash.com/photo-1577471488278-16eec37ffcc2?w=400""]","","true","692c0b9d848fbf19eeb122f1","2025-11-30T09:17:17.819000","2025-11-30T09:17:17.819000","692bf3c8349da3ff615290e4","seavleuheang@gmail.com","false"
"Inter Milan Home","Nike","Football Jersey","https://images.unsplash.com/photo-1574629810360-7efbbe195018?w=400","[""https://images.unsplash.com/photo-1574629810360-7efbbe195018?w=400""]","","true","692c0b9d848fbf19eeb122f2","2025-11-30T09:17:17.819000","2025-11-30T09:17:17.819000","692bf3c8349da3ff615290e4","seavleuheang@gmail.com","false"
"AC Milan Home Kit","Other","Football Jersey","https://images.unsplash.com/photo-1577471488278-16eec37ffcc2?w=400","[""https://images.unsplash.com/photo-1577471488278-16eec37ffcc2?w=400""]","","true","692c0b9d848fbf19eeb122f3","2025-11-30T09:17:17.819000","2025-11-30T09:17:17.819000","692bf3c8349da3ff615290e4","seavleuheang@gmail.com","false"
"Recon Backpack","The North Face","Backpacks","https://images.unsplash.com/photo-1553062407-98eeb64c6a62?w=400","[""https://images.unsplash.com/photo-1553062407-98eeb64c6a62?w=400""]","","true","692c0b9d848fbf19eeb122f4","2025-11-30T09:17:17.819000","2025-11-30T09:17:17.819000","692bf3c8349da3ff615290e4","seavleuheang@gmail.com","false"
"Surge Transit Backpack","The North Face","Backpacks","https://images.unsplash.com/photo-1581605405669-fcdf81165afa?w=400","[""https://images.unsplash.com/photo-1581605405669-fcdf81165afa?w=400""]","","true","692c0b9d848fbf19eeb122f5","2025-11-30T09:17:17.819000","2025-11-30T09:17:17.819000","692bf3c8349da3ff615290e4","seavleuheang@gmail.com","false"
"Refugio Daypack","Patagonia","Backpacks","https://images.unsplash.com/photo-1622560480605-d83c853bc5c3?w=400","[""https://images.unsplash.com/photo-1622560480605-d83c853bc5c3?w=400""]","","true","692c0b9d848fbf19eeb122f6","2025-11-30T09:17:17.819000","2025-11-30T09:17:17.819000","692bf3c8349da3ff615290e4","seavleuheang@gmail.com","false"
"Arbor Grande Pack","Patagonia","Backpacks","https://images.unsplash.com/photo-1491637639811-60e2756cc1c7?w=400","[""https://images.unsplash.com/photo-1491637639811-60e2756cc1c7?w=400""]","","true","692c0b9d848fbf19eeb122f7","2025-11-30T09:17:17.819000","2025-11-30T09:17:17.819000","692bf3c8349da3ff615290e4","seavleuheang@gmail.com","false"
"Kanken Art","Kanken","Backpacks","https://images.unsplash.com/photo-1553062407-98eeb64c6a62?w=400","[""https://images.unsplash.com/photo-1553062407-98eeb64c6a62?w=400""]","","true","692c0b9d848fbf19eeb122f8","2025-11-30T09:17:17.819000","2025-11-30T09:17:17.819000","692bf3c8349da3ff615290e4","seavleuheang@gmail.com","false"
"Brasilia Training Bag","Nike","Bags","https://images.unsplash.com/photo-1581605405669-fcdf81165afa?w=400","[""https://images.unsplash.com/photo-1581605405669-fcdf81165afa?w=400""]","","true","692c0b9d848fbf19eeb122f9","2025-11-30T09:17:17.819000","2025-11-30T09:17:17.819000","692bf3c8349da3ff615290e4","seavleuheang@gmail.com","false"
"Defender IV Duffel","Adidas","Bags","https://images.unsplash.com/photo-1622560480605-d83c853bc5c3?w=400","[""https://images.unsplash.com/photo-1622560480605-d83c853bc5c3?w=400""]","","true","692c0b9d848fbf19eeb122fa","2025-11-30T09:17:17.819000","2025-11-30T09:17:17.819000","692bf3c8349da3ff615290e4","seavleuheang@gmail.com","false"
"Contain Duo Backpack","Under Armour","Backpacks","https://images.unsplash.com/photo-1553062407-98eeb64c6a62?w=400","[]","","true","692c0bcf848fbf19eeb1230b","2025-11-30T09:18:07.454000","2025-11-30T09:18:07.454000","692bf3c8349da3ff615290e4","seavleuheang@gmail.com","false"
"Undeniable 5.0 Duffel","Under Armour","Bags","https://images.unsplash.com/photo-1491637639811-60e2756cc1c7?w=400","[]","","true","692c0bcf848fbf19eeb1230c","2025-11-30T09:18:07.455000","2025-11-30T09:18:07.455000","692bf3c8349da3ff615290e4","seavleuheang@gmail.com","false"
"City Adventurer Backpack","Lululemon","Backpacks","https://images.unsplash.com/photo-1581605405669-fcdf81165afa?w=400","[]","","true","692c0bcf848fbf19eeb1230d","2025-11-30T09:18:07.455000","2025-11-30T09:18:07.455000","692bf3c8349da3ff615290e4","seavleuheang@gmail.com","false"
"Out of Range Bag","Lululemon","Bags","https://images.unsplash.com/photo-1622560480605-d83c853bc5c3?w=400","[]","","true","692c0bcf848fbf19eeb1230e","2025-11-30T09:18:07.455000","2025-11-30T09:18:07.455000","692bf3c8349da3ff615290e4","seavleuheang@gmail.com","false"
"Air Max Training Set","Nike","Men Sportswear","https://images.unsplash.com/photo-1571902943202-507ec2618e8f?w=400","[]","","true","692c0bcf848fbf19eeb1230f","2025-11-30T09:18:07.455000","2025-11-30T09:18:07.455000","692bf3c8349da3ff615290e4","seavleuheang@gmail.com","false"
"Tiro 23 Training Pants","Adidas","Men Sportswear","https://images.unsplash.com/photo-1517836357463-d25dfeac3438?w=400","[]","","true","692c0bcf848fbf19eeb12310","2025-11-30T09:18:07.455000","2025-11-30T09:18:07.455000","692bf3c8349da3ff615290e4","seavleuheang@gmail.com","false"
"Project Rock Collection","Under Armour","Men Sportswear","https://images.unsplash.com/photo-1544367567-0f2fcb009e0b?w=400","[]","","true","692c0bcf848fbf19eeb12311","2025-11-30T09:18:07.455000","2025-11-30T09:18:07.455000","692bf3c8349da3ff615290e4","seavleuheang@gmail.com","false"
"ABC Pants","Lululemon","Men Sportswear","https://images.unsplash.com/photo-1556906781-9a412961c28c?w=400","[]","","true","692c0bcf848fbf19eeb12312","2025-11-30T09:18:07.455000","2025-11-30T09:18:07.455000","692bf3c8349da3ff615290e4","seavleuheang@gmail.com","false"
"Canyonlands Hoodie","The North Face","Men Sportswear","https://images.unsplash.com/photo-1571902943202-507ec2618e8f?w=400","[]","","true","692c0bcf848fbf19eeb12313","2025-11-30T09:18:07.455000","2025-11-30T09:18:07.455000","692bf3c8349da3ff615290e4","seavleuheang@gmail.com","false"
"R1 Daily Jacket","Patagonia","Men Sportswear","https://images.unsplash.com/photo-1517836357463-d25dfeac3438?w=400","[]","","true","692c0bcf848fbf19eeb12314","2025-11-30T09:18:07.455000","2025-11-30T09:18:07.455000","692bf3c8349da3ff615290e4","seavleuheang@gmail.com","false"
"Dri-FIT Run Division","Nike","Women Sportswear","https://images.unsplash.com/photo-1518611012118-696072aa579a?w=400","[]","","true","692c0bcf848fbf19eeb12315","2025-11-30T09:18:07.455000","2025-11-30T09:18:07.455000","692bf3c8349da3ff615290e4","seavleuheang@gmail.com","false"
"Hyperglam Training Set","Adidas","Women Sportswear","https://images.unsplash.com/photo-1506629082955-511b1aa562c8?w=400","[]","","true","692c0bcf848fbf19eeb12316","2025-11-30T09:18:07.455000","2025-11-30T09:18:07.455000","692bf3c8349da3ff615290e4","seavleuheang@gmail.com","false"
"Infinity Sports Bra","Under Armour","Women Sportswear","https://images.unsplash.com/photo-1518611012118-696072aa579a?w=400","[]","","true","692c0bcf848fbf19eeb12317","2025-11-30T09:18:07.455000","2025-11-30T09:18:07.455000","692bf3c8349da3ff615290e4","seavleuheang@gmail.com","false"
"Energy Bra High Support","Lululemon","Women Sportswear","https://images.unsplash.com/photo-1506629082955-511b1aa562c8?w=400","[]","","true","692c0bcf848fbf19eeb12318","2025-11-30T09:18:07.455000","2025-11-30T09:18:07.455000","692bf3c8349da3ff615290e4","seavleuheang@gmail.com","false"
"Nuptse Vest","The North Face","Women Sportswear","https://images.unsplash.com/photo-1518611012118-696072aa579a?w=400","[]","","true","692c0bcf848fbf19eeb12319","2025-11-30T09:18:07.455000","2025-11-30T09:18:07.455000","692bf3c8349da3ff615290e4","seavleuheang@gmail.com","false"
"Capilene Cool Daily","Patagonia","Women Sportswear","https://images.unsplash.com/photo-1506629082955-511b1aa562c8?w=400","[]","","true","692c0bcf848fbf19eeb1231a","2025-11-30T09:18:07.455000","2025-11-30T09:18:07.455000","692bf3c8349da3ff615290e4","seavleuheang@gmail.com","false"
"Nets City Jersey","Nike","Basketball Jersey","https://images.unsplash.com/photo-1546519638-68e109498ffc?w=400","[]","","true","692c0bcf848fbf19eeb1231b","2025-11-30T09:18:07.455000","2025-11-30T09:18:07.455000","692bf3c8349da3ff615290e4","seavleuheang@gmail.com","false"
"Knicks Classic Edition","Nike","Basketball Jersey","https://images.unsplash.com/photo-1519861531473-9200262188bf?w=400","[]","","true","692c0bcf848fbf19eeb1231c","2025-11-30T09:18:07.455000","2025-11-30T09:18:07.455000","692bf3c8349da3ff615290e4","seavleuheang@gmail.com","false"
"Spurs Fiesta Edition","Nike","Basketball Jersey","https://images.unsplash.com/photo-1504450758481-7338bbe75c8e?w=400","[]","","true","692c0bcf848fbf19eeb1231d","2025-11-30T09:18:07.455000","2025-11-30T09:18:07.455000","692bf3c8349da3ff615290e4","seavleuheang@gmail.com","false"
"Bucks Icon Jersey","Nike","Basketball Jersey","https://images.unsplash.com/photo-1574629810360-7efbbe195018?w=400","[]","","true","692c0bcf848fbf19eeb1231e","2025-11-30T09:18:07.455000","2025-11-30T09:18:07.455000","692bf3c8349da3ff615290e4","seavleuheang@gmail.com","false"
"Atletico Madrid Home","Nike","Football Jersey","https://images.unsplash.com/photo-1577471488278-16eec37ffcc2?w=400","[]","","true","692c0bcf848fbf19eeb1231f","2025-11-30T09:18:07.455000","2025-11-30T09:18:07.455000","692bf3c8349da3ff615290e4","seavleuheang@gmail.com","false"
"Tottenham Away Kit","Nike","Football Jersey","https://images.unsplash.com/photo-1574629810360-7efbbe195018?w=400","[]","","true","692c0bcf848fbf19eeb12320","2025-11-30T09:18:07.455000","2025-11-30T09:18:07.455000","692bf3c8349da3ff615290e4","seavleuheang@gmail.com","false"
"Dortmund Home Jersey","Other","Football Jersey","https://images.unsplash.com/photo-1577471488278-16eec37ffcc2?w=400","[]","","true","692c0bcf848fbf19eeb12321","2025-11-30T09:18:07.455000","2025-11-30T09:18:07.455000","692bf3c8349da3ff615290e4","seavleuheang@gmail.com","false"
"AS Roma Third Kit","Adidas","Football Jersey","https://images.unsplash.com/photo-1574629810360-7efbbe195018?w=400","[]","","true","692c0bcf848fbf19eeb12322","2025-11-30T09:18:07.455000","2025-11-30T09:18:07.455000","692bf3c8349da3ff615290e4","seavleuheang@gmail.com","false"
"Ajax Away Jersey","Adidas","Football Jersey","https://images.unsplash.com/photo-1577471488278-16eec37ffcc2?w=400","[]","","true","692c0bcf848fbf19eeb12323","2025-11-30T09:18:07.455000","2025-11-30T09:18:07.455000","692bf3c8349da3ff615290e4","seavleuheang@gmail.com","false"
"Napoli Home Kit","Other","Football Jersey","https://images.unsplash.com/photo-1574629810360-7efbbe195018?w=400","[]","","true","692c0bcf848fbf19eeb12324","2025-11-30T09:18:07.455000","2025-11-30T09:18:07.455000","692bf3c8349da3ff615290e4","seavleuheang@gmail.com","false"
"Benfica Away Jersey","Adidas","Football Jersey","https://images.unsplash.com/photo-1577471488278-16eec37ffcc2?w=400","[]","","true","692c0bcf848fbf19eeb12325","2025-11-30T09:18:07.455000","2025-11-30T09:18:07.455000","692bf3c8349da3ff615290e4","seavleuheang@gmail.com","false"
"Porto Home Kit","Other","Football Jersey","https://images.unsplash.com/photo-1574629810360-7efbbe195018?w=400","[]","","true","692c0bcf848fbf19eeb12326","2025-11-30T09:18:07.455000","2025-11-30T09:18:07.455000","692bf3c8349da3ff615290e4","seavleuheang@gmail.com","false"
"Big Shot Backpack","The North Face","Backpacks","https://images.unsplash.com/photo-1553062407-98eeb64c6a62?w=400","[]","","true","692c0bcf848fbf19eeb12327","2025-11-30T09:18:07.455000","2025-11-30T09:18:07.455000","692bf3c8349da3ff615290e4","seavleuheang@gmail.com","false"
"Router Transit","The North Face","Backpacks","https://images.unsplash.com/photo-1581605405669-fcdf81165afa?w=400","[]","","true","692c0bcf848fbf19eeb12328","2025-11-30T09:18:07.455000","2025-11-30T09:18:07.455000","692bf3c8349da3ff615290e4","seavleuheang@gmail.com","false"
"Atom Sling Bag","Patagonia","Bags","https://images.unsplash.com/photo-1622560480605-d83c853bc5c3?w=400","[]","","true","692c0bcf848fbf19eeb12329","2025-11-30T09:18:07.455000","2025-11-30T09:18:07.455000","692bf3c8349da3ff615290e4","seavleuheang@gmail.com","false"
"Ultralight Black Hole","Patagonia","Backpacks","https://images.unsplash.com/photo-1491637639811-60e2756cc1c7?w=400","[]","","true","692c0bcf848fbf19eeb1232a","2025-11-30T09:18:07.455000","2025-11-30T09:18:07.455000","692bf3c8349da3ff615290e4","seavleuheang@gmail.com","false"
"Kanken Sling","Kanken","Bags","https://images.unsplash.com/photo-1553062407-98eeb64c6a62?w=400","[]","","true","692c0bcf848fbf19eeb1232b","2025-11-30T09:18:07.455000","2025-11-30T09:18:07.455000","692bf3c8349da3ff615290e4","seavleuheang@gmail.com","false"
"Kanken Travel Pack","Kanken","Backpacks","https://images.unsplash.com/photo-1581605405669-fcdf81165afa?w=400","[]","","true","692c0bcf848fbf19eeb1232c","2025-11-30T09:18:07.455000","2025-11-30T09:18:07.455000","692bf3c8349da3ff615290e4","seavleuheang@gmail.com","false"
"Heritage Crossbody Bag","Nike","Bags","https://images.unsplash.com/photo-1622560480605-d83c853bc5c3?w=400","[]","","true","692c0bcf848fbf19eeb1232d","2025-11-30T09:18:07.455000","2025-11-30T09:18:07.455000","692bf3c8349da3ff615290e4","seavleuheang@gmail.com","false"
"Sportswear Essentials Bag","Nike","Bags","https://images.unsplash.com/photo-1491637639811-60e2756cc1c7?w=400","[]","","true","692c0bcf848fbf19eeb1232e","2025-11-30T09:18:07.455000","2025-11-30T09:18:07.455000","692bf3c8349da3ff615290e4","seavleuheang@gmail.com","false"
"Stadium Duffel III","Adidas","Bags","https://images.unsplash.com/photo-1553062407-98eeb64c6a62?w=400","[]","","true","692c0bcf848fbf19eeb1232f","2025-11-30T09:18:07.455000","2025-11-30T09:18:07.455000","692bf3c8349da3ff615290e4","seavleuheang@gmail.com","false"
"Linear Performance Bag","Adidas","Bags","https://images.unsplash.com/photo-1581605405669-fcdf81165afa?w=400","[]","","true","692c0bcf848fbf19eeb12330","2025-11-30T09:18:07.455000","2025-11-30T09:18:07.455000","692bf3c8349da3ff615290e4","seavleuheang@gmail.com","false"
"Scrimmage 2.0 Backpack","Under Armour","Backpacks","https://images.unsplash.com/photo-1622560480605-d83c853bc5c3?w=400","[]","","true","692c0bcf848fbf19eeb12331","2025-11-30T09:18:07.455000","2025-11-30T09:18:07.455000","692bf3c8349da3ff615290e4","seavleuheang@gmail.com","false"
"Hustle 5.0 Backpack","Under Armour","Backpacks","https://images.unsplash.com/photo-1491637639811-60e2756cc1c7?w=400","[]","","true","692c0bcf848fbf19eeb12332","2025-11-30T09:18:07.455000","2025-11-30T09:18:07.455000","692bf3c8349da3ff615290e4","seavleuheang@gmail.com","false"
"New Crew Backpack","Lululemon","Backpacks","https://images.unsplash.com/photo-1553062407-98eeb64c6a62?w=400","[]","","true","692c0bcf848fbf19eeb12333","2025-11-30T09:18:07.455000","2025-11-30T09:18:07.455000","692bf3c8349da3ff615290e4","seavleuheang@gmail.com","false"
"Flex Perform Training","Nike","Men Sportswear","https://images.unsplash.com/photo-1571902943202-507ec2618e8f?w=400","[]","","true","692c0bcf848fbf19eeb12334","2025-11-30T09:18:07.455000","2025-11-30T09:18:07.455000","692bf3c8349da3ff615290e4","seavleuheang@gmail.com","false"
"Own The Run Shorts","Adidas","Men Sportswear","https://images.unsplash.com/photo-1517836357463-d25dfeac3438?w=400","[]","","true","692c0bcf848fbf19eeb12335","2025-11-30T09:18:07.455000","2025-11-30T09:18:07.455000","692bf3c8349da3ff615290e4","seavleuheang@gmail.com","false"
"Tech 2.0 Training Tee","Under Armour","Men Sportswear","https://images.unsplash.com/photo-1544367567-0f2fcb009e0b?w=400","[]","","true","692c0bcf848fbf19eeb12336","2025-11-30T09:18:07.455000","2025-11-30T09:18:07.455000","692bf3c8349da3ff615290e4","seavleuheang@gmail.com","false"
"Commission Golf Pants","Lululemon","Men Sportswear","https://images.unsplash.com/photo-1556906781-9a412961c28c?w=400","[]","","true","692c0bcf848fbf19eeb12337","2025-11-30T09:18:07.455000","2025-11-30T09:18:07.455000","692bf3c8349da3ff615290e4","seavleuheang@gmail.com","false"
"Gordon Lyons Vest","The North Face","Men Sportswear","https://images.unsplash.com/photo-1571902943202-507ec2618e8f?w=400","[]","","true","692c0bcf848fbf19eeb12338","2025-11-30T09:18:07.455000","2025-11-30T09:18:07.455000","692bf3c8349da3ff615290e4","seavleuheang@gmail.com","false"
"Retro Pile Fleece","Patagonia","Men Sportswear","https://images.unsplash.com/photo-1517836357463-d25dfeac3438?w=400","[]","","true","692c0bcf848fbf19eeb12339","2025-11-30T09:18:07.455000","2025-11-30T09:18:07.455000","692bf3c8349da3ff615290e4","seavleuheang@gmail.com","false"
"Zenvy Collection","Nike","Women Sportswear","https://images.unsplash.com/photo-1518611012118-696072aa579a?w=400","[]","","true","692c0bcf848fbf19eeb1233a","2025-11-30T09:18:07.455000","2025-11-30T09:18:07.455000","692bf3c8349da3ff615290e4","seavleuheang@gmail.com","false"